{"feature_range": [0, 1], "data_min": [18.0, 1000.0], "data_max": [60.0, 8000.0], "data_range": [42.0, 7000.0], "scale": [0.023809523809523808, 0.00014285714285714287], "min": [-0.42857142857142855, -0.14285714285714288], "n_features_in": 2}