{
  "learning_rate": 9.833181933644887e-05,
  "gamma": 0.8120760865543445,
  "mini_batch_size": 3909,
  "weight_decay": 1.99863407785289e-05,
  "hidden_layers": [
    2478,
    3503,
    1970,
    1208,
    2752,
    2940
  ]
}